siren,email,societe,source
552 081 317,Contact@ACME-Conseil.fr,ACME Conseil,scraping
552081317,contact@acme-conseil.fr,Acme Conseil SARL,pappers
443 061 841,j.martin@formapro.fr,FormaPro,scraping
443061841,info@formapro.fr,FORMAPRO,scraping
—,claire.dubois@vinexpert.fr,Vinexpert,scraping
812 998 002,nope,BTP Solutions,scraping
812998002,p.durand@btp-solutions.fr,BTP Solutions,pappers
327 911 044,test@mailinator.com,QuickWin,scraping
327911044,DIRECTION@quickwin.fr,Quick Win,irene
552081317,contact@acme-conseil.fr,ACME Conseils,irene